"UniqueID","StreamSide","StreamDistance","Elevation","DepthBin","Mortality","Sizemm","PC1"
"N10 130-4","N",10,1.64,0,"Z",NA,-2.4398096324753
"N10 130-4","N",10,1.64,5,"Z",NA,-2.4398096324753
"N10 130-4","N",10,1.64,10,"Z",NA,-2.4398096324753
"N10 130-4","N",10,1.64,15,"Z",NA,-2.4398096324753
"S2 10-2","S",2,3.94,0,"Z",NA,-0.203205915686153
"S2 10-2","S",2,3.94,5,"D",NA,-0.203205915686153
"S2 10-2","S",2,3.94,10,"D",NA,-0.203205915686153
"S2 10-2","S",2,3.94,10,"D",NA,-0.203205915686153
"S2 10-2","S",2,3.94,10,"D",NA,-0.203205915686153
"S2 10-2","S",2,3.94,10,"D",NA,-0.203205915686153
"S2 10-2","S",2,3.94,15,"Z",NA,-0.203205915686153
"N5 120-8","N",5,1.56,0,"Z",NA,-1.90190445342809
"N5 120-8","N",5,1.56,5,"D",NA,-1.90190445342809
"N5 120-8","N",5,1.56,5,"D",NA,-1.90190445342809
"N5 120-8","N",5,1.56,10,"D",NA,-1.90190445342809
"N5 120-8","N",5,1.56,10,"D",NA,-1.90190445342809
"N5 120-8","N",5,1.56,15,"Z",NA,-1.90190445342809
"C 40-9","C",0,2.8,0,"D",NA,-5.28893677558362
"C 40-9","C",0,2.8,5,"Z",NA,-5.28893677558362
"C 40-9","C",0,2.8,10,"Z",NA,-5.28893677558362
"C 40-9","C",0,2.8,15,"Z",NA,-5.28893677558362
"S5 20-5","S",5,3.74,0,"Z",NA,0.634766996648484
"S5 20-5","S",5,3.74,5,"Z",NA,0.634766996648484
"S5 20-5","S",5,3.74,10,"Z",NA,0.634766996648484
"S5 20-5","S",5,3.74,15,"D",NA,0.634766996648484
"S10 140-6","S",10,1.42,15,"A",56.21,2.04780033277511
"S10 140-6","S",10,1.42,0,"D",NA,2.04780033277511
"S10 140-6","S",10,1.42,5,"D",NA,2.04780033277511
"S10 140-6","S",10,1.42,5,"D",NA,2.04780033277511
"S10 140-6","S",10,1.42,5,"D",NA,2.04780033277511
"S10 140-6","S",10,1.42,15,"D",NA,2.04780033277511
"S10 50-7","S",10,2.82,10,"A",33.43,5.7498060467405
"S10 50-7","S",10,2.82,0,"D",NA,5.7498060467405
"S10 50-7","S",10,2.82,0,"D",NA,5.7498060467405
"S10 50-7","S",10,2.82,5,"D",NA,5.7498060467405
"S10 50-7","S",10,2.82,5,"D",NA,5.7498060467405
"S10 50-7","S",10,2.82,5,"D",NA,5.7498060467405
"S10 50-7","S",10,2.82,5,"D",NA,5.7498060467405
"S10 50-7","S",10,2.82,10,"D",NA,5.7498060467405
"S10 50-7","S",10,2.82,15,"Z",NA,5.7498060467405
"N5 20-9","N",5,3.93,10,"D",NA,-0.393591854566172
"N10 50-3","N",10,2.65,0,"A",26.1,3.65229579822367
"N10 50-3","N",10,2.65,0,"A",47.28,3.65229579822367
"N10 50-3","N",10,2.65,0,"A",43.03,3.65229579822367
"N10 50-3","N",10,2.65,0,"A",41.2,3.65229579822367
"N10 50-3","N",10,2.65,0,"A",52.35,3.65229579822367
"N10 50-3","N",10,2.65,0,"A",37.8,3.65229579822367
"N10 50-3","N",10,2.65,0,"A",45.75,3.65229579822367
"N10 50-3","N",10,2.65,5,"A",29.48,3.65229579822367
"N10 50-3","N",10,2.65,5,"A",29.35,3.65229579822367
"N10 50-3","N",10,2.65,5,"A",41.98,3.65229579822367
"N10 50-3","N",10,2.65,5,"A",30.82,3.65229579822367
"N10 50-3","N",10,2.65,5,"A",34.23,3.65229579822367
"N10 50-3","N",10,2.65,5,"A",42.61,3.65229579822367
"N10 50-3","N",10,2.65,5,"A",43.4,3.65229579822367
"N10 50-3","N",10,2.65,5,"A",38.49,3.65229579822367
"N10 50-3","N",10,2.65,5,"A",31.78,3.65229579822367
"N10 50-3","N",10,2.65,5,"A",27.12,3.65229579822367
"N10 50-3","N",10,2.65,5,"A",37.05,3.65229579822367
"N10 50-3","N",10,2.65,10,"A",50.06,3.65229579822367
"N10 50-3","N",10,2.65,10,"A",34.59,3.65229579822367
"N10 50-3","N",10,2.65,10,"A",26.25,3.65229579822367
"N10 50-3","N",10,2.65,15,"A",30.65,3.65229579822367
"N10 50-3","N",10,2.65,15,"A",25.93,3.65229579822367
"N10 50-3","N",10,2.65,15,"A",33.14,3.65229579822367
"N10 50-3","N",10,2.65,15,"A",33.56,3.65229579822367
"N10 50-3","N",10,2.65,15,"A",31.71,3.65229579822367
"N10 50-3","N",10,2.65,0,"D",NA,3.65229579822367
"N10 50-3","N",10,2.65,5,"D",NA,3.65229579822367
"N10 50-3","N",10,2.65,5,"D",NA,3.65229579822367
"N10 50-3","N",10,2.65,5,"D",NA,3.65229579822367
"N10 50-3","N",10,2.65,5,"D",NA,3.65229579822367
"N10 50-3","N",10,2.65,5,"D",NA,3.65229579822367
"N10 50-3","N",10,2.65,10,"D",NA,3.65229579822367
"N10 50-3","N",10,2.65,10,"D",NA,3.65229579822367
"N10 50-3","N",10,2.65,10,"D",NA,3.65229579822367
"N10 50-3","N",10,2.65,10,"D",NA,3.65229579822367
"N10 50-3","N",10,2.65,10,"D",NA,3.65229579822367
"N10 50-3","N",10,2.65,10,"D",NA,3.65229579822367
"N10 50-3","N",10,2.65,10,"D",NA,3.65229579822367
"N10 50-3","N",10,2.65,10,"D",NA,3.65229579822367
"N10 50-3","N",10,2.65,15,"D",NA,3.65229579822367
"N10 50-3","N",10,2.65,15,"D",NA,3.65229579822367
"N10 110-5","N",10,1.46,0,"D",NA,-1.9243912137086
"N10 110-5","N",10,1.46,5,"Z",NA,-1.9243912137086
"N10 110-5","N",10,1.46,10,"Z",NA,-1.9243912137086
"N10 110-5","N",10,1.46,15,"Z",NA,-1.9243912137086
"N10 110-5","N",10,1.46,0,"D",NA,-1.9243912137086
"N10 110-5","N",10,1.46,5,"Z",NA,-1.9243912137086
"N10 110-5","N",10,1.46,10,"Z",NA,-1.9243912137086
"N10 110-5","N",10,1.46,15,"Z",NA,-1.9243912137086
"N10 80-5","N",10,2.1,0,"D",NA,-0.155573608081787
"N10 80-5","N",10,2.1,5,"A",39.99,-0.155573608081787
"N10 80-5","N",10,2.1,5,"D",NA,-0.155573608081787
"N10 80-5","N",10,2.1,10,"D",NA,-0.155573608081787
"N10 80-5","N",10,2.1,15,"Z",NA,-0.155573608081787
"S2 0-5","S",2,4.14,0,"Z",NA,0.135023561388228
"S2 0-5","S",2,4.14,5,"Z",NA,0.135023561388228
"S2 0-5","S",2,4.14,10,"Z",NA,0.135023561388228
"S2 0-5","S",2,4.14,15,"Z",NA,0.135023561388228
"S10 40-4","S",10,3.22,0,"Z",NA,1.48994810255224
"S10 40-4","S",10,3.22,5,"Z",NA,1.48994810255224
"S10 40-4","S",10,3.22,10,"Z",NA,1.48994810255224
"S10 40-4","S",10,3.22,15,"Z",NA,1.48994810255224
"S2 30-7","S",2,3.24,0,"Z",NA,1.11781046225299
"S2 30-7","S",2,3.24,5,"Z",NA,1.11781046225299
"S2 30-7","S",2,3.24,10,"Z",NA,1.11781046225299
"S2 30-7","S",2,3.24,15,"Z",NA,1.11781046225299
"N2 50-0","N",2,2.77,0,"Z",NA,-1.16562252984988
"N2 50-0","N",2,2.77,5,"Z",NA,-1.16562252984988
"N2 50-0","N",2,2.77,10,"Z",NA,-1.16562252984988
"N2 50-0","N",2,2.77,15,"Z",NA,-1.16562252984988
"C 90-2","C",0,1.95,0,"D",NA,-1.30811497910788
"C 90-2","C",0,1.95,0,"D",NA,-1.30811497910788
"C 90-2","C",0,1.95,0,"D",NA,-1.30811497910788
"C 90-2","C",0,1.95,5,"Z",NA,-1.30811497910788
"C 90-2","C",0,1.95,10,"Z",NA,-1.30811497910788
"C 90-2","C",0,1.95,15,"Z",NA,-1.30811497910788
"N2 60-1","N",2,2.57,0,"D",NA,-0.672103963060548
"N2 60-1","N",2,2.57,5,"Z",NA,-0.672103963060548
"N2 60-1","N",2,2.57,10,"Z",NA,-0.672103963060548
"N2 60-1","N",2,2.57,15,"Z",NA,-0.672103963060548
"C 20-6","C",0,3.54,0,"Z",NA,NA
"C 20-6","C",0,3.54,5,"Z",NA,NA
"C 20-6","C",0,3.54,10,"Z",NA,NA
"C 20-6","C",0,3.54,15,"Z",NA,NA
"S5 140-3","S",5,1.25,0,"Z",NA,2.33826805589518
"S5 140-3","S",5,1.25,5,"Z",NA,2.33826805589518
"S5 140-3","S",5,1.25,10,"D",NA,2.33826805589518
"S5 140-3","S",5,1.25,10,"D",NA,2.33826805589518
"S5 140-3","S",5,1.25,10,"D",NA,2.33826805589518
"S5 140-3","S",5,1.25,10,"D",NA,2.33826805589518
"S5 140-3","S",5,1.25,15,"D",NA,2.33826805589518
"S5 140-3","S",5,1.25,15,"D",NA,2.33826805589518
"N5 50-4","N",5,2.77,0,"Z",NA,1.76842964400046
"N5 50-4","N",5,2.77,5,"A",38.12,1.76842964400046
"N5 50-4","N",5,2.77,5,"D",NA,1.76842964400046
"N5 50-4","N",5,2.77,5,"A",31.54,1.76842964400046
"N5 50-4","N",5,2.77,5,"A",32.16,1.76842964400046
"N5 50-4","N",5,2.77,5,"A",32,1.76842964400046
"N5 50-4","N",5,2.77,10,"A",34.42,1.76842964400046
"N5 50-4","N",5,2.77,10,"A",37.33,1.76842964400046
"N5 50-4","N",5,2.77,10,"A",33.25,1.76842964400046
"N5 50-4","N",5,2.77,15,"A",34.59,1.76842964400046
"N5 50-4","N",5,2.77,15,"A",34.09,1.76842964400046
"N5 50-4","N",5,2.77,15,"A",35.22,1.76842964400046
"N5 50-4","N",5,2.77,15,"A",27.44,1.76842964400046
"S2 80-7","S",2,2.13,0,"Z",NA,3.21079254261221
"S2 80-7","S",2,2.13,5,"A",43.17,3.21079254261221
"S2 80-7","S",2,2.13,10,"D",NA,3.21079254261221
"S2 80-7","S",2,2.13,10,"D",NA,3.21079254261221
"S2 80-7","S",2,2.13,15,"Z",NA,3.21079254261221
"N2 30-0","N",2,3.23,0,"Z",NA,-4.59158765104885
"N2 30-0","N",2,3.23,5,"Z",NA,-4.59158765104885
"N2 30-0","N",2,3.23,10,"Z",NA,-4.59158765104885
"N2 30-0","N",2,3.23,15,"D",NA,-4.59158765104885
"N2 30-0","N",2,3.23,15,"D",NA,-4.59158765104885
"C 60-3","C",0,2.45,0,"D",NA,-0.71355228572618
"C 60-3","C",0,2.45,0,"D",NA,-0.71355228572618
"C 60-3","C",0,2.45,0,"D",NA,-0.71355228572618
"C 60-3","C",0,2.45,0,"D",NA,-0.71355228572618
"C 60-3","C",0,2.45,5,"D",NA,-0.71355228572618
"C 60-3","C",0,2.45,5,"D",NA,-0.71355228572618
"C 60-3","C",0,2.45,5,"D",NA,-0.71355228572618
"C 60-3","C",0,2.45,10,"D",NA,-0.71355228572618
"C 60-3","C",0,2.45,15,"Z",NA,-0.71355228572618
"N5 80-1","N",5,2.33,0,"Z",NA,NA
"N5 80-1","N",5,2.33,5,"Z",NA,NA
"N5 80-1","N",5,2.33,15,"Z",NA,NA
"N5 80-1","N",5,2.33,10,"A",35.8,NA
"S10 130-9","S",10,1.86,0,"D",NA,2.03232416734516
"S10 130-9","S",10,1.86,0,"D",NA,2.03232416734516
"S10 130-9","S",10,1.86,5,"Z",NA,2.03232416734516
"S10 130-9","S",10,1.86,10,"Z",NA,2.03232416734516
"S10 130-9","S",10,1.86,15,"Z",NA,2.03232416734516
"S5 70-0","S",5,2.64,0,"Z",NA,-2.38372523272129
"S5 70-0","S",5,2.64,15,"Z",NA,-2.38372523272129
"S5 70-0","S",5,2.64,10,"A",27.5,-2.38372523272129
"S5 70-0","S",5,2.64,0,"Z",NA,-2.38372523272129
"S5 70-0","S",5,2.64,5,"D",NA,-2.38372523272129
"S5 70-0","S",5,2.64,10,"D",NA,-2.38372523272129
"S5 70-0","S",5,2.64,10,"D",NA,-2.38372523272129
"S5 70-0","S",5,2.64,10,"D",NA,-2.38372523272129
"S5 70-0","S",5,2.64,10,"D",NA,-2.38372523272129
"S5 70-0","S",5,2.64,15,"Z",NA,-2.38372523272129
"S2 60-9","S",2,2.59,15,"A",32.76,-0.415845315859431
"S2 60-9","S",2,2.59,0,"D",NA,-0.415845315859431
"S2 60-9","S",2,2.59,0,"D",NA,-0.415845315859431
"S2 60-9","S",2,2.59,5,"Z",NA,-0.415845315859431
"S2 60-9","S",2,2.59,10,"Z",NA,-0.415845315859431
"S5 30-5","S",5,3.37,0,"Z",NA,-0.121782489038967
"S5 30-5","S",5,3.37,5,"Z",NA,-0.121782489038967
"S5 30-5","S",5,3.37,10,"D",NA,-0.121782489038967
"S5 30-5","S",5,3.37,15,"Z",NA,-0.121782489038967
"S5 60-0","S",5,2.8,0,"D",NA,0.0964558308029755
"S5 60-0","S",5,2.8,0,"Z",NA,0.0964558308029755
"S5 60-0","S",5,2.8,5,"Z",NA,0.0964558308029755
"S5 60-0","S",5,2.8,10,"D",NA,0.0964558308029755
"S5 60-0","S",5,2.8,10,"D",NA,0.0964558308029755
"S5 60-0","S",5,2.8,15,"Z",NA,0.0964558308029755
"S2 90-9","S",2,2.01,0,"Z",NA,-1.32369065476558
"S2 90-9","S",2,2.01,5,"Z",NA,-1.32369065476558
"S2 90-9","S",2,2.01,15,"Z",NA,-1.32369065476558
"S2 90-9","S",2,2.01,10,"A",34.52,-1.32369065476558
"S2 90-9","S",2,2.01,10,"D",NA,-1.32369065476558
"S2 90-9","S",2,2.01,10,"D",NA,-1.32369065476558
"C 30-4","C",0,3.3,0,"D",NA,-2.99781439591645
"C 30-4","C",0,3.3,0,"D",NA,-2.99781439591645
"C 30-4","C",0,3.3,5,"Z",NA,-2.99781439591645
"C 30-4","C",0,3.3,10,"Z",NA,-2.99781439591645
"C 30-4","C",0,3.3,15,"D",NA,-2.99781439591645
"C 30-4","C",0,3.3,15,"D",NA,-2.99781439591645
"N2 80-6","N",2,2.17,0,"D",NA,1.03491744543117
"N2 80-6","N",2,2.17,0,"D",NA,1.03491744543117
"N2 80-6","N",2,2.17,0,"D",NA,1.03491744543117
"N2 80-6","N",2,2.17,0,"D",NA,1.03491744543117
"N2 80-6","N",2,2.17,0,"D",NA,1.03491744543117
"N2 80-6","N",2,2.17,0,"D",NA,1.03491744543117
"N2 80-6","N",2,2.17,5,"D",NA,1.03491744543117
"N2 80-6","N",2,2.17,10,"Z",NA,1.03491744543117
"N2 80-6","N",2,2.17,15,"Z",NA,1.03491744543117
"N2 40-0","N",2,3.09,0,"Z",NA,-0.472197548982814
"N2 40-0","N",2,3.09,5,"Z",NA,-0.472197548982814
"N2 40-0","N",2,3.09,10,"Z",NA,-0.472197548982814
"N2 40-0","N",2,3.09,15,"Z",NA,-0.472197548982814
"S2 110-2","S",2,1.76,0,"Z",NA,-0.41990308833564
"S2 110-2","S",2,1.76,5,"Z",NA,-0.41990308833564
"S2 110-2","S",2,1.76,10,"Z",NA,-0.41990308833564
"S2 110-2","S",2,1.76,15,"A",94.63,-0.41990308833564
"S2 110-2","S",2,1.76,15,"D",NA,-0.41990308833564
"S2 110-2","S",2,1.76,15,"D",NA,-0.41990308833564
"S2 110-2","S",2,1.76,15,"D",NA,-0.41990308833564
"S2 110-2","S",2,1.76,15,"D",NA,-0.41990308833564
"S2 110-2","S",2,1.76,15,"A",15.65,-0.41990308833564
"C 50-3","C",0,2.6,0,"Z",NA,-1.2876209862141
"C 50-3","C",0,2.6,5,"Z",NA,-1.2876209862141
"C 50-3","C",0,2.6,10,"Z",NA,-1.2876209862141
"C 50-3","C",0,2.6,15,"Z",NA,-1.2876209862141
"N10 20-0","N",10,4.17,0,"Z",NA,-0.814750027919444
"N10 20-0","N",10,4.17,5,"Z",NA,-0.814750027919444
"N10 20-0","N",10,4.17,15,"Z",NA,-0.814750027919444
"N10 20-0","N",10,4.17,10,"D",NA,-0.814750027919444
"S2 40-9","S",2,3,0,"D",NA,-0.520581919929478
"S2 40-9","S",2,3,0,"D",NA,-0.520581919929478
"S2 40-9","S",2,3,5,"D",NA,-0.520581919929478
"S2 40-9","S",2,3,5,"D",NA,-0.520581919929478
"S2 40-9","S",2,3,5,"D",NA,-0.520581919929478
"S2 40-9","S",2,3,5,"D",NA,-0.520581919929478
"S2 40-9","S",2,3,5,"D",NA,-0.520581919929478
"S2 40-9","S",2,3,5,"D",NA,-0.520581919929478
"S2 40-9","S",2,3,10,"D",NA,-0.520581919929478
"S2 40-9","S",2,3,10,"D",NA,-0.520581919929478
"S2 40-9","S",2,3,15,"Z",NA,-0.520581919929478
"N2 130-0","N",2,1.46,0,"Z",NA,-0.721595930349489
"N2 130-0","N",2,1.46,5,"Z",NA,-0.721595930349489
"N2 130-0","N",2,1.46,10,"Z",NA,-0.721595930349489
"N2 130-0","N",2,1.46,15,"Z",NA,-0.721595930349489
"S10 110-4","S",10,1.81,0,"Z",NA,1.19739323263789
"S10 110-4","S",10,1.81,5,"Z",NA,1.19739323263789
"S10 110-4","S",10,1.81,15,"A",41.86,1.19739323263789
"S10 110-4","S",10,1.81,10,"D",NA,1.19739323263789
"S10 110-4","S",10,1.81,10,"D",NA,1.19739323263789
"S10 110-4","S",10,1.81,10,"D",NA,1.19739323263789
"S10 110-4","S",10,1.81,10,"D",NA,1.19739323263789
"S10 110-4","S",10,1.81,10,"D",NA,1.19739323263789
"S10 110-4","S",10,1.81,10,"D",NA,1.19739323263789
"S10 110-4","S",10,1.81,10,"D",NA,1.19739323263789
"S10 110-4","S",10,1.81,10,"D",NA,1.19739323263789
"S10 110-4","S",10,1.81,10,"D",NA,1.19739323263789
"S10 110-4","S",10,1.81,15,"D",NA,1.19739323263789
"S10 110-4","S",10,1.81,15,"D",NA,1.19739323263789
"C 110-1","C",0,1.7,0,"Z",NA,2.17137903595873
"C 110-1","C",0,1.7,5,"Z",NA,2.17137903595873
"C 110-1","C",0,1.7,10,"Z",NA,2.17137903595873
"C 110-1","C",0,1.7,15,"Z",NA,2.17137903595873
"N5 60-5","N",5,2.46,0,"Z",NA,-1.42844225504939
"N5 60-5","N",5,2.46,5,"Z",NA,-1.42844225504939
"N5 60-5","N",5,2.46,10,"Z",NA,-1.42844225504939
"N5 60-5","N",5,2.46,15,"Z",NA,-1.42844225504939
"S2 70-5","S",2,2.49,0,"Z",NA,0.438740823655617
"S2 70-5","S",2,2.49,5,"A",40.18,0.438740823655617
"S2 70-5","S",2,2.49,5,"A",34.75,0.438740823655617
"S2 70-5","S",2,2.49,10,"A",51.59,0.438740823655617
"S2 70-5","S",2,2.49,15,"A",32.31,0.438740823655617
"C 100-0","C",0,1.89,0,"D",NA,-2.05552797292785
"C 100-0","C",0,1.89,0,"D",NA,-2.05552797292785
"C 100-0","C",0,1.89,0,"D",NA,-2.05552797292785
"C 100-0","C",0,1.89,0,"D",NA,-2.05552797292785
"C 100-0","C",0,1.89,0,"D",NA,-2.05552797292785
"C 100-0","C",0,1.89,0,"D",NA,-2.05552797292785
"C 100-0","C",0,1.89,5,"A",52.8,-2.05552797292785
"C 100-0","C",0,1.89,5,"D",NA,-2.05552797292785
"C 100-0","C",0,1.89,5,"D",NA,-2.05552797292785
"C 100-0","C",0,1.89,10,"D",NA,-2.05552797292785
"C 100-0","C",0,1.89,15,"Z",NA,-2.05552797292785
"S10 100-5","S",10,1.96,0,"Z",NA,-0.503019531818668
"S10 100-5","S",10,1.96,5,"Z",NA,-0.503019531818668
"S10 100-5","S",10,1.96,10,"A",42.78,-0.503019531818668
"S10 100-5","S",10,1.96,10,"D",NA,-0.503019531818668
"S10 100-5","S",10,1.96,10,"D",NA,-0.503019531818668
"S10 100-5","S",10,1.96,15,"D",NA,-0.503019531818668
"S10 100-5","S",10,1.96,15,"D",NA,-0.503019531818668
"S10 100-5","S",10,1.96,15,"D",NA,-0.503019531818668
"S10 100-5","S",10,1.96,15,"D",NA,-0.503019531818668
"S10 100-5","S",10,1.96,10,"A",49.64,-0.503019531818668
"S10 100-5","S",10,1.96,15,"A",47.49,-0.503019531818668
"S10 100-5","S",10,1.96,15,"A",43.69,-0.503019531818668
"N2 10-4","N",2,4.19,15,"Z",NA,NA
"C 80-6","C",0,2.04,0,"D",NA,-1.52689593330818
"C 80-6","C",0,2.04,0,"D",NA,-1.52689593330818
"C 80-6","C",0,2.04,0,"D",NA,-1.52689593330818
"C 80-6","C",0,2.04,0,"D",NA,-1.52689593330818
"C 80-6","C",0,2.04,0,"D",NA,-1.52689593330818
"C 80-6","C",0,2.04,0,"D",NA,-1.52689593330818
"C 80-6","C",0,2.04,0,"D",NA,-1.52689593330818
"C 80-6","C",0,2.04,5,"D",NA,-1.52689593330818
"C 80-6","C",0,2.04,5,"D",NA,-1.52689593330818
"C 80-6","C",0,2.04,10,"Z",NA,-1.52689593330818
"C 80-6","C",0,2.04,15,"Z",NA,-1.52689593330818
"S2 100-0","S",2,1.94,0,"Z",NA,0.0657165572617531
"S2 100-0","S",2,1.94,5,"Z",NA,0.0657165572617531
"S2 100-0","S",2,1.94,10,"A",14.36,0.0657165572617531
"S2 100-0","S",2,1.94,10,"D",NA,0.0657165572617531
"S2 100-0","S",2,1.94,10,"D",NA,0.0657165572617531
"S2 100-0","S",2,1.94,15,"Z",NA,0.0657165572617531
"N5 110-3","N",5,1.74,0,"Z",NA,-0.558790964678982
"N5 110-3","N",5,1.74,5,"Z",NA,-0.558790964678982
"N5 110-3","N",5,1.74,10,"Z",NA,-0.558790964678982
"N5 110-3","N",5,1.74,15,"Z",NA,-0.558790964678982
"N10 120-0","N",10,1.57,0,"Z",NA,1.0625024453634
"N10 120-0","N",10,1.57,5,"A",46.74,1.0625024453634
"N10 120-0","N",10,1.57,5,"A",42.91,1.0625024453634
"N10 120-0","N",10,1.57,10,"Z",NA,1.0625024453634
"N10 120-0","N",10,1.57,15,"Z",NA,1.0625024453634
"N10 120-0","N",10,1.57,0,"Z",NA,1.0625024453634
"N10 120-0","N",10,1.57,5,"D",NA,1.0625024453634
"N10 120-0","N",10,1.57,5,"D",NA,1.0625024453634
"N10 120-0","N",10,1.57,5,"D",NA,1.0625024453634
"N10 120-0","N",10,1.57,10,"Z",NA,1.0625024453634
"N10 120-0","N",10,1.57,15,"Z",NA,1.0625024453634
"N2 100-4","N",2,2.05,0,"Z",NA,NA
"N2 100-4","N",2,2.05,5,"Z",NA,NA
"N2 100-4","N",2,2.05,10,"Z",NA,NA
"N2 100-4","N",2,2.05,15,"Z",NA,NA
"N5 40-2","N",5,3.18,0,"Z",NA,-1.410065785165
"N5 40-2","N",5,3.18,5,"Z",NA,-1.410065785165
"N5 40-2","N",5,3.18,10,"Z",NA,-1.410065785165
"N5 40-2","N",5,3.18,15,"A",33.1,-1.410065785165
"N5 40-2","N",5,3.18,15,"D",NA,-1.410065785165
"N5 40-2","N",5,3.18,15,"D",NA,-1.410065785165
"N5 0-3","N",5,4.32,0,"Z",NA,-0.835392283896206
"N5 0-3","N",5,4.32,5,"Z",NA,-0.835392283896206
"N5 0-3","N",5,4.32,10,"Z",NA,-0.835392283896206
"N5 0-3","N",5,4.32,15,"Z",NA,-0.835392283896206
"S5 110-0","S",5,1.98,0,"Z",NA,3.57532407996306
"S5 110-0","S",5,1.98,5,"Z",NA,3.57532407996306
"S5 110-0","S",5,1.98,10,"A",38.38,3.57532407996306
"S5 110-0","S",5,1.98,10,"A",19.22,3.57532407996306
"S5 110-0","S",5,1.98,15,"Z",NA,3.57532407996306
"S5 80-0","S",5,2.41,0,"A",32.67,-0.705075298335115
"S5 80-0","S",5,2.41,0,"D",NA,-0.705075298335115
"S5 80-0","S",5,2.41,0,"D",NA,-0.705075298335115
"S5 80-0","S",5,2.41,15,"D",NA,-0.705075298335115
"S5 80-0","S",5,2.41,15,"D",NA,-0.705075298335115
"S5 80-0","S",5,2.41,0,"A",30.42,-0.705075298335115
"S5 80-0","S",5,2.41,0,"A",23.18,-0.705075298335115
"S5 80-0","S",5,2.41,0,"A",50.73,-0.705075298335115
"S5 80-0","S",5,2.41,5,"A",34.34,-0.705075298335115
"S5 80-0","S",5,2.41,5,"A",34.59,-0.705075298335115
"S5 80-0","S",5,2.41,10,"A",37.06,-0.705075298335115
"S5 80-0","S",5,2.41,10,"A",30.65,-0.705075298335115
"S5 80-0","S",5,2.41,15,"A",50.83,-0.705075298335115
"S5 80-0","S",5,2.41,15,"A",44.71,-0.705075298335115
"S5 40-6","S",5,3.08,5,"Z",NA,0.226742957503561
"S5 40-6","S",5,3.08,15,"Z",NA,0.226742957503561
"S5 40-6","S",5,3.08,10,"A",29.55,0.226742957503561
"S5 40-6","S",5,3.08,0,"D",NA,0.226742957503561
"S5 40-6","S",5,3.08,10,"A",24.65,0.226742957503561
"S10 80-7","S",10,2.3,0,"A",43.76,-0.935827001157891
"S10 80-7","S",10,2.3,0,"A",31.36,-0.935827001157891
"S10 80-7","S",10,2.3,0,"A",32.36,-0.935827001157891
"S10 80-7","S",10,2.3,0,"A",33.54,-0.935827001157891
"S10 80-7","S",10,2.3,5,"A",39.49,-0.935827001157891
"S10 80-7","S",10,2.3,5,"A",42.67,-0.935827001157891
"S10 80-7","S",10,2.3,5,"A",46.64,-0.935827001157891
"S10 80-7","S",10,2.3,5,"A",49.1,-0.935827001157891
"S10 80-7","S",10,2.3,5,"A",34.8,-0.935827001157891
"S10 80-7","S",10,2.3,5,"A",45.56,-0.935827001157891
"S10 80-7","S",10,2.3,5,"A",40.04,-0.935827001157891
"S10 80-7","S",10,2.3,5,"A",37.02,-0.935827001157891
"S10 80-7","S",10,2.3,5,"A",46.66,-0.935827001157891
"S10 80-7","S",10,2.3,5,"A",27.17,-0.935827001157891
"S10 80-7","S",10,2.3,5,"A",31.16,-0.935827001157891
"S10 80-7","S",10,2.3,5,"A",29.5,-0.935827001157891
"S10 80-7","S",10,2.3,5,"A",32.49,-0.935827001157891
"S10 80-7","S",10,2.3,15,"A",29.5,-0.935827001157891
"S10 80-7","S",10,2.3,15,"A",46.35,-0.935827001157891
"S10 80-7","S",10,2.3,10,"Z",NA,-0.935827001157891
"C 70-7","C",0,2.16,0,"D",NA,-3.8511765128179
"C 70-7","C",0,2.16,0,"D",NA,-3.8511765128179
"C 70-7","C",0,2.16,0,"D",NA,-3.8511765128179
"C 70-7","C",0,2.16,5,"D",NA,-3.8511765128179
"C 70-7","C",0,2.16,5,"D",NA,-3.8511765128179
"C 70-7","C",0,2.16,10,"D",NA,-3.8511765128179
"C 70-7","C",0,2.16,15,"Z",NA,-3.8511765128179
"S10 70-7","S",10,2.35,5,"A",44.62,1.58800306435711
"S10 70-7","S",10,2.35,0,"D",NA,1.58800306435711
"S10 70-7","S",10,2.35,0,"D",NA,1.58800306435711
"S10 70-7","S",10,2.35,0,"D",NA,1.58800306435711
"S10 70-7","S",10,2.35,0,"D",NA,1.58800306435711
"S10 70-7","S",10,2.35,0,"D",NA,1.58800306435711
"S10 70-7","S",10,2.35,0,"D",NA,1.58800306435711
"S10 70-7","S",10,2.35,0,"D",NA,1.58800306435711
"S10 70-7","S",10,2.35,0,"D",NA,1.58800306435711
"S10 70-7","S",10,2.35,0,"D",NA,1.58800306435711
"S10 70-7","S",10,2.35,5,"D",NA,1.58800306435711
"S10 70-7","S",10,2.35,5,"D",NA,1.58800306435711
"S10 70-7","S",10,2.35,5,"A",41.62,1.58800306435711
"S10 70-7","S",10,2.35,10,"A",38.82,1.58800306435711
"S10 70-7","S",10,2.35,10,"A",44.64,1.58800306435711
"S10 70-7","S",10,2.35,10,"A",42.31,1.58800306435711
"S10 70-7","S",10,2.35,10,"A",40.66,1.58800306435711
"S10 70-7","S",10,2.35,15,"A",29.18,1.58800306435711
"S10 120-7","S",10,2.14,0,"Z",NA,-1.33925677380739
"S10 120-7","S",10,2.14,5,"Z",NA,-1.33925677380739
"S10 120-7","S",10,2.14,10,"Z",NA,-1.33925677380739
"S10 120-7","S",10,2.14,15,"Z",NA,-1.33925677380739
"N5 70-5","N",5,2.4,0,"Z",NA,-0.906511174716756
"N5 70-5","N",5,2.4,5,"Z",NA,-0.906511174716756
"N5 70-5","N",5,2.4,10,"D",NA,-0.906511174716756
"N5 70-5","N",5,2.4,10,"D",NA,-0.906511174716756
"N5 70-5","N",5,2.4,10,"D",NA,-0.906511174716756
"N5 70-5","N",5,2.4,15,"D",NA,-0.906511174716756
"N5 70-5","N",5,2.4,15,"D",NA,-0.906511174716756
"N5 70-5","N",5,2.4,15,"D",NA,-0.906511174716756
"N10 40-6","N",10,2.94,0,"Z",NA,-1.47207115196789
"N10 40-6","N",10,2.94,5,"A",37.8,-1.47207115196789
"N10 40-6","N",10,2.94,5,"A",34.85,-1.47207115196789
"N10 40-6","N",10,2.94,5,"A",30.27,-1.47207115196789
"N10 40-6","N",10,2.94,5,"A",26.13,-1.47207115196789
"N10 40-6","N",10,2.94,10,"A",23.96,-1.47207115196789
"N10 40-6","N",10,2.94,15,"Z",NA,-1.47207115196789
"S5 120-6","S",5,1.53,0,"Z",NA,0.577497507970796
"S5 120-6","S",5,1.53,5,"A",61.79,0.577497507970796
"S5 120-6","S",5,1.53,10,"Z",NA,0.577497507970796
"S5 120-6","S",5,1.53,15,"Z",NA,0.577497507970796
"S10 60-5","S",10,2.63,10,"Z",NA,1.00228662716535
"S10 60-5","S",10,2.63,15,"A",45.81,1.00228662716535
"S10 60-5","S",10,2.63,0,"D",NA,1.00228662716535
"S10 60-5","S",10,2.63,5,"D",NA,1.00228662716535
"S10 60-5","S",10,2.63,5,"D",NA,1.00228662716535
"S10 60-5","S",10,2.63,15,"D",NA,1.00228662716535
"S10 60-5","S",10,2.63,15,"D",NA,1.00228662716535
"S10 60-5","S",10,2.63,15,"D",NA,1.00228662716535
"S10 60-5","S",10,2.63,15,"A",37.12,1.00228662716535
"S2 130-9","S",2,1.5,0,"A",29.76,0.798312586850765
"S2 130-9","S",2,1.5,0,"D",NA,0.798312586850765
"S2 130-9","S",2,1.5,0,"D",NA,0.798312586850765
"S2 130-9","S",2,1.5,0,"D",NA,0.798312586850765
"S2 130-9","S",2,1.5,0,"D",NA,0.798312586850765
"S2 130-9","S",2,1.5,5,"D",NA,0.798312586850765
"S2 130-9","S",2,1.5,5,"D",NA,0.798312586850765
"S2 130-9","S",2,1.5,5,"A",59.14,0.798312586850765
"S2 130-9","S",2,1.5,5,"A",47.75,0.798312586850765
"S2 130-9","S",2,1.5,10,"Z",NA,0.798312586850765
"S2 130-9","S",2,1.5,15,"Z",NA,0.798312586850765
"N2 90-0","N",2,2.13,0,"Z",NA,-2.04792250831147
"N2 90-0","N",2,2.13,5,"Z",NA,-2.04792250831147
"N2 90-0","N",2,2.13,10,"A",34.52,-2.04792250831147
"N2 90-0","N",2,2.13,15,"Z",NA,-2.04792250831147
"S5 100-1","S",5,2.17,0,"Z",NA,-0.860555140467083
"S5 100-1","S",5,2.17,5,"Z",NA,-0.860555140467083
"S5 100-1","S",5,2.17,10,"D",NA,-0.860555140467083
"S5 100-1","S",5,2.17,10,"D",NA,-0.860555140467083
"S5 100-1","S",5,2.17,15,"Z",NA,-0.860555140467083
"N2 120-4","N",2,1.66,0,"Z",NA,-3.41130032263218
"N2 120-4","N",2,1.66,10,"Z",NA,-3.41130032263218
"N2 120-4","N",2,1.66,5,"D",NA,-3.41130032263218
"N2 120-4","N",2,1.66,15,"D",NA,-3.41130032263218
"N10 70-5","N",10,2.33,0,"D",NA,-0.377724440271889
"N10 70-5","N",10,2.33,0,"D",NA,-0.377724440271889
"N10 70-5","N",10,2.33,0,"D",NA,-0.377724440271889
"N10 70-5","N",10,2.33,5,"D",NA,-0.377724440271889
"N10 70-5","N",10,2.33,5,"D",NA,-0.377724440271889
"N10 70-5","N",10,2.33,5,"D",NA,-0.377724440271889
"N10 70-5","N",10,2.33,10,"D",NA,-0.377724440271889
"N10 70-5","N",10,2.33,15,"Z",NA,-0.377724440271889
"S5 90-0","S",5,2.26,0,"A",40.76,-1.13801628031234
"S5 90-0","S",5,2.26,0,"D",NA,-1.13801628031234
"S5 90-0","S",5,2.26,0,"D",NA,-1.13801628031234
"S5 90-0","S",5,2.26,5,"D",NA,-1.13801628031234
"S5 90-0","S",5,2.26,5,"D",NA,-1.13801628031234
"S5 90-0","S",5,2.26,10,"D",NA,-1.13801628031234
"S5 90-0","S",5,2.26,10,"D",NA,-1.13801628031234
"S5 90-0","S",5,2.26,10,"D",NA,-1.13801628031234
"S5 90-0","S",5,2.26,10,"D",NA,-1.13801628031234
"S5 90-0","S",5,2.26,5,"A",49.57,-1.13801628031234
"S5 90-0","S",5,2.26,5,"A",45.11,-1.13801628031234
"S5 90-0","S",5,2.26,15,"A",44.24,-1.13801628031234
"S5 90-0","S",5,2.26,15,"A",44.49,-1.13801628031234
"S5 90-0","S",5,2.26,15,"A",41.63,-1.13801628031234
"S5 90-0","S",5,2.26,15,"A",25.57,-1.13801628031234
"N5 140-3","N",5,1.29,0,"Z",NA,-0.428395598055114
"N5 140-3","N",5,1.29,5,"Z",NA,-0.428395598055114
"N5 140-3","N",5,1.29,10,"Z",NA,-0.428395598055114
"N5 140-3","N",5,1.29,15,"Z",NA,-0.428395598055114
"N5 10-4","N",5,4.63,0,"Z",NA,0.925630416475434
"N5 10-4","N",5,4.63,5,"Z",NA,0.925630416475434
"N5 10-4","N",5,4.63,10,"Z",NA,0.925630416475434
"N5 10-4","N",5,4.63,15,"Z",NA,0.925630416475434
"N2 110-9","N",2,1.62,0,"Z",NA,-2.27917570891843
"N2 110-9","N",2,1.62,5,"Z",NA,-2.27917570891843
"N2 110-9","N",2,1.62,10,"Z",NA,-2.27917570891843
"N2 110-9","N",2,1.62,15,"Z",NA,-2.27917570891843
"N10 90-5","N",10,1.78,0,"A",16.91,-0.159998854402191
"N10 90-5","N",10,1.78,0,"A",17.84,-0.159998854402191
"N10 90-5","N",10,1.78,0,"A",14.42,-0.159998854402191
"N10 90-5","N",10,1.78,0,"A",12.11,-0.159998854402191
"N10 90-5","N",10,1.78,0,"A",13.22,-0.159998854402191
"N10 90-5","N",10,1.78,0,"A",13.27,-0.159998854402191
"N10 90-5","N",10,1.78,0,"A",12.01,-0.159998854402191
"N10 90-5","N",10,1.78,0,"A",11.45,-0.159998854402191
"N10 90-5","N",10,1.78,5,"A",19.51,-0.159998854402191
"N10 90-5","N",10,1.78,5,"A",27.44,-0.159998854402191
"N10 90-5","N",10,1.78,5,"A",17.59,-0.159998854402191
"N10 90-5","N",10,1.78,10,"A",15.46,-0.159998854402191
"N10 90-5","N",10,1.78,0,"D",NA,-0.159998854402191
"N10 90-5","N",10,1.78,5,"D",NA,-0.159998854402191
"N10 90-5","N",10,1.78,5,"D",NA,-0.159998854402191
"N10 90-5","N",10,1.78,5,"D",NA,-0.159998854402191
"N10 90-5","N",10,1.78,5,"D",NA,-0.159998854402191
"N10 90-5","N",10,1.78,10,"D",NA,-0.159998854402191
"N10 90-5","N",10,1.78,10,"D",NA,-0.159998854402191
"N10 90-5","N",10,1.78,15,"Z",NA,-0.159998854402191
"N10 30-1","N",10,3.54,0,"Z",NA,-2.10143897216904
"N10 30-1","N",10,3.54,5,"Z",NA,-2.10143897216904
"N10 30-1","N",10,3.54,10,"Z",NA,-2.10143897216904
"N10 30-1","N",10,3.54,15,"Z",NA,-2.10143897216904
"N5 130-2","N",5,1.42,0,"Z",NA,0.204432341904564
"N5 130-2","N",5,1.42,5,"Z",NA,0.204432341904564
"N5 130-2","N",5,1.42,10,"Z",NA,0.204432341904564
"N5 130-2","N",5,1.42,15,"A",42.91,0.204432341904564
"N5 130-2","N",5,1.42,15,"A",48.63,0.204432341904564
"S2 50-5","S",2,2.87,0,"Z",NA,-1.66221709200294
"S2 50-5","S",2,2.87,5,"Z",NA,-1.66221709200294
"S2 50-5","S",2,2.87,10,"Z",NA,-1.66221709200294
"S2 50-5","S",2,2.87,15,"Z",NA,-1.66221709200294
"S2 20-7","S",2,3.5,0,"Z",NA,-0.724185931015549
"S2 20-7","S",2,3.5,5,"Z",NA,-0.724185931015549
"S2 20-7","S",2,3.5,10,"Z",NA,-0.724185931015549
"S2 20-7","S",2,3.5,15,"Z",NA,-0.724185931015549
"N5 30-3","N",5,3.43,0,"Z",NA,NA
"S5 130-0","S",5,1.63,0,"Z",NA,1.96730208656077
"S5 130-0","S",5,1.63,5,"Z",NA,1.96730208656077
"S5 130-0","S",5,1.63,10,"A",45.87,1.96730208656077
"S5 130-0","S",5,1.63,15,"A",64.79,1.96730208656077
"N10 60-4","N",10,2.39,0,"Z",NA,NA
"N10 60-4","N",10,2.39,5,"Z",NA,NA
"N10 60-4","N",10,2.39,10,"Z",NA,NA
"N10 60-4","N",10,2.39,15,"Z",NA,NA
"S10 90-7","S",10,2.18,0,"Z",NA,-1.63753442707636
"S10 90-7","S",10,2.18,5,"Z",NA,-1.63753442707636
"S10 90-7","S",10,2.18,10,"Z",NA,-1.63753442707636
"S10 90-7","S",10,2.18,15,"D",NA,-1.63753442707636
"N5 90-3","N",5,2.14,0,"Z",NA,-2.91947664030391
"N5 90-3","N",5,2.14,5,"Z",NA,-2.91947664030391
"N5 90-3","N",5,2.14,10,"A",48.64,-2.91947664030391
"N5 90-3","N",5,2.14,10,"A",26.71,-2.91947664030391
"N5 90-3","N",5,2.14,10,"D",NA,-2.91947664030391
"N5 90-3","N",5,2.14,10,"D",NA,-2.91947664030391
"N5 90-3","N",5,2.14,15,"D",NA,-2.91947664030391
"N2 0-9","N",2,4.31,0,"Z",NA,NA
"N2 0-9","N",2,4.31,5,"Z",NA,NA
"N2 0-9","N",2,4.31,10,"Z",NA,NA
"N2 0-9","N",2,4.31,15,"Z",NA,NA
"N2 0-9","N",2,4.31,0,"Z",NA,NA
"N2 0-9","N",2,4.31,5,"Z",NA,NA
"N2 0-9","N",2,4.31,10,"Z",NA,NA
"N5 100-7","N",5,2.09,0,"Z",NA,NA
"N5 100-7","N",5,2.09,5,"Z",NA,NA
"N5 100-7","N",5,2.09,10,"Z",NA,NA
"N5 100-7","N",5,2.09,15,"Z",NA,NA
"N2 20-4","N",2,NA,0,"Z",NA,NA
"N2 20-4","N",2,NA,5,"Z",NA,NA
"N2 20-4","N",2,NA,10,"Z",NA,NA
"N2 20-4","N",2,NA,15,"Z",NA,NA
"S2 120-4","S",2,1.57,0,"Z",NA,NA
"S2 120-4","S",2,1.57,5,"Z",NA,NA
"S2 120-4","S",2,1.57,10,"A",54.53,NA
"S2 120-4","S",2,1.57,10,"D",NA,NA
"S2 120-4","S",2,1.57,10,"D",NA,NA
"S2 120-4","S",2,1.57,10,"D",NA,NA
"S2 120-4","S",2,1.57,10,"D",NA,NA
"S2 120-4","S",2,1.57,15,"A",53.33,NA
"S 2 140-2","S",2,1.42,0,"Z",NA,NA
"S 2 140-2","S",2,1.42,5,"A",47.14,NA
"S 2 140-2","S",2,1.42,10,"Z",NA,NA
"S 2 140-2","S",2,1.42,15,"Z",NA,NA
"S5 50-4","S",5,2.95,0,"Z",NA,NA
"S5 50-4","S",5,2.95,5,"Z",NA,NA
"S5 50-4","S",5,2.95,10,"Z",NA,NA
"S5 50-4","S",5,2.95,15,"Z",NA,NA
"S10 30-0","S",10,3.81,0,"Z",NA,NA
"S10 30-0","S",10,3.81,5,"Z",NA,NA
"S10 30-0","S",10,3.81,10,"Z",NA,NA
"S10 30-0","S",10,3.81,15,"Z",NA,NA
"N2 70-0","N",2,2.62,0,"Z",NA,NA
"N2 70-0","N",2,2.62,5,"Z",NA,NA
"N2 70-0","N",2,2.62,10,"Z",NA,NA
"N2 70-0","N",2,2.62,15,"Z",NA,NA
"N 2 140-7","N",2,1.48,0,"Z",NA,NA
"N 2 140-7","N",2,1.48,5,"Z",NA,NA
"N 2 140-7","N",2,1.48,10,"Z",NA,NA
"N 2 140-7","N",2,1.48,15,"Z",NA,NA
"N10 100-7","N",10,1.79,0,"Z",NA,NA
"N10 100-7","N",10,1.79,15,"Z",NA,NA
"N10 100-7","N",10,1.79,5,"A",34.82,NA
"N10 100-7","N",10,1.79,10,"A",49.95,NA
